frame,threshold,blink,ear_norm
0,0,0.0,0.6511767553899881
1,0,0.0,0.6470496262956211
2,0,0.0,0.6273477684167205
3,0,0.0,0.6866708894286561
4,0,0.0,0.6774577706459649
5,0,0.0,0.6700473956657217
6,0,0.0,0.7119075457876658
7,0,0.0,0.7750720997532334
8,0,0.0,0.6665872295553128
9,0,0.0,0.49422169622190276
10,0,0.0,0.09344493650870546
11,0,0.0,0.3412902955486392
12,0,0.0,0.39607546669038507
13,1,0.0,0.549227853012066
14,0,1.0,0.6161850289845042
15,0,0.0,0.6293105881834099
16,0,0.0,0.6585357255324623
17,0,0.0,0.6456878541900657
18,0,0.0,0.667756664799725
19,0,0.0,0.6458651605248555
20,0,0.0,0.6711691164240378
21,0,0.0,0.6425927090918944
22,0,0.0,0.6710629771746164
23,0,0.0,0.6549791791660896
24,0,0.0,0.6222364102969316
25,0,0.0,0.654465825900205
26,0,0.0,0.5899300885114744
27,0,0.0,0.688535246774304
28,0,0.0,0.6566261143076058
29,0,0.0,0.6877662676984492
30,0,0.0,0.7174995094119068
31,0,0.0,0.7543481167178836
32,0,0.0,0.84003637742219
33,0,0.0,0.8101673945981365
34,0,0.0,0.8897460299370953
35,0,0.0,0.851051961774531
36,0,0.0,0.8685715225602924
37,0,0.0,0.9138259641354889
38,0,0.0,0.9523508917742769
39,0,0.0,0.8935068681150418
40,0,0.0,0.891647604102931
41,0,0.0,0.7374787888692651
42,0,0.0,0.7257064734474193
43,0,0.0,0.670227373209552
44,0,0.0,0.6947669304694645
45,0,0.0,0.7237477044834784
46,0,0.0,0.592529602612108
47,0,0.0,0.5968731995877027
48,0,0.0,0.7195085944254048
49,0,0.0,0.6525079449523926
50,0,0.0,0.6690318141568272
51,0,0.0,0.6344470735851716
52,0,0.0,0.7006279088233814
53,0,0.0,0.6748562096027324
54,0,0.0,0.7068013440638079
55,0,0.0,0.7480573131638754
56,0,0.0,0.7480190548235157
57,0,0.0,0.51117103499868
58,0,0.0,0.1494480425252033
59,0,0.0,0.2851440933608193
60,1,1.0,0.4240430726061105
61,0,0.0,0.49782514629758984
62,0,0.0,0.5558539964563295
63,0,0.0,0.6072126127640826
64,0,0.0,0.5823576840260878
65,0,0.0,0.6346162238967958
66,0,0.0,0.6596048147510322
67,0,0.0,0.6774807743526036
68,0,0.0,0.6324112010248135
69,0,0.0,0.6331778686960821
70,0,0.0,0.6116010031790509
71,0,0.0,0.6602992810416234
72,0,0.0,0.6653205382536183
73,0,0.0,0.6711691164240378
74,0,0.0,0.6891780172532322
75,0,0.0,0.6559028353761265
76,0,0.0,0.6718747968057903
77,0,0.0,0.6145172538632488
78,0,0.0,0.703374179952489
79,0,0.0,0.6877028050790995
80,0,0.0,0.7096641280314334
81,0,0.0,0.6267392639324625
82,0,0.0,0.6917167664199095
83,0,0.0,0.7231026696673235
84,0,0.0,0.6924585429272816
85,0,0.0,0.6860285319344382
86,0,0.0,0.6718747968057903
87,0,0.0,0.6419576637179364
88,0,0.0,0.6556651716398069
89,0,0.0,0.6964653257125861
90,0,0.0,0.7542591032842588
91,0,0.0,0.670087515135479
92,0,0.0,0.6975828352347664
93,0,0.0,0.6931631786298801
94,0,0.0,0.6968076802120753
95,0,0.0,0.6955961658395985
96,0,0.0,0.6566261143076058
97,0,0.0,0.6495818997987514
98,0,0.0,0.6773967303701571
99,0,0.0,0.7194492573447155
100,0,0.0,0.69729305420758
101,0,0.0,0.6563327670037507
102,0,0.0,0.678010103539191
103,0,0.0,0.6323609935663679
104,0,0.0,0.4911759155706342
105,0,0.0,0.2201644544933188
106,0,0.0,0.3208010229078066
107,1,0.0,0.41465764364850066
108,0,1.0,0.6469595225901071
109,0,0.0,0.8454534872738839
110,0,0.0,0.805369117716253
111,0,0.0,0.8063088605469334
112,0,0.0,0.9328165575448647
113,0,0.0,0.8865431332659937
114,0,0.0,0.9083798195719525
115,0,0.0,0.868755584455897
116,0,0.0,0.8434347696384797
117,0,0.0,0.8082218912565441
118,0,0.0,0.8293499294639609
119,0,0.0,0.7870981530080744
120,0,0.0,0.8036195707838961
121,0,0.0,0.35560260312519143
122,0,0.0,0.0
123,0,0.0,0.19028569636559964
124,0,0.0,0.39255912252133085
125,1,0.0,0.47350742774083493
126,0,0.0,0.5191067715748743
127,0,0.0,0.5426860371853921
128,0,0.0,0.5618625298275595
129,0,0.0,0.6751822197678465
130,0,0.0,0.7179967813065182
131,0,0.0,0.6968096257257177
132,0,0.0,0.7413068359951787
133,0,0.0,0.7200233980659259
134,0,0.0,0.7482967300308415
135,0,0.0,0.7606153381199984
136,0,0.0,0.6657732854360009
137,0,0.0,0.7197805578964729
138,0,0.0,0.6072252784906444
139,0,0.0,0.6709314526877184
140,0,0.0,0.6104630381528339
141,0,0.0,0.6542281621638854
142,0,0.0,0.603553622125279
143,0,0.0,0.5686695779262596
144,0,0.0,0.6549048523696731
145,0,0.0,0.6945260069623731
146,0,0.0,0.7576320681207422
147,0,0.0,0.6557395307023097
148,0,0.0,0.5680663696882104
149,0,0.0,0.6439879506933056
150,0,0.0,0.6405178592483934
151,0,0.0,0.6022282600548
152,0,0.0,0.6191678700756003
153,0,0.0,0.6163127672301534
154,0,0.0,0.6150109390966202
155,0,0.0,0.5911349441556495
156,0,0.0,0.618385626556546
157,0,0.0,0.7119075457876658
158,0,0.0,0.7344375401614898
159,0,0.0,0.6563371481940702
160,0,0.0,0.6717665426193711
161,0,0.0,0.6919250100489901
162,0,0.0,0.6064965598641499
163,0,0.0,0.5990202244277864
164,0,0.0,0.5910192154015301
165,0,0.0,0.6360458605433412
166,0,0.0,0.5647559929911072
167,0,0.0,0.6064884033098429
168,0,0.0,0.5899861551399371
169,0,0.0,0.6291080809688646
170,0,0.0,0.6647324932102041
171,0,0.0,0.6473019740514188
172,0,0.0,0.625782466986637
173,0,0.0,0.6292590523376349
174,0,0.0,0.624451102634223
175,0,0.0,0.6506484797575272
176,0,0.0,0.6787595923264396
177,0,0.0,0.6746602750579386
178,0,0.0,0.7559855028088976
179,0,0.0,0.70938014161454
180,0,0.0,0.6759054986993258
181,0,0.0,0.6097342708178782
182,0,0.0,0.5917380418697188
183,0,0.0,0.7005063499378861
184,0,0.0,0.7343235434292276
185,0,0.0,0.6947733523373286
186,0,0.0,0.6884260840105788
187,0,0.0,0.6706590268969291
188,0,0.0,0.7164886143147301
189,0,0.0,0.6941773231859781
190,0,0.0,0.6731136409398514
191,0,0.0,0.3351295780199279
192,0,0.0,0.22220731361823925
193,0,0.0,0.3537696040794554
194,1,1.0,0.5037775428887017
195,0,0.0,0.6308351280121443
196,0,0.0,0.6984245166728134
197,0,0.0,0.6437656292037269
198,0,0.0,0.7298842645720857
199,0,0.0,0.7566946195360318
200,0,0.0,0.7987620156124606
201,0,0.0,0.7772284768897082
202,0,0.0,0.7573444024335
203,0,0.0,0.8026803319435014
204,0,0.0,0.7791721744472724
205,0,0.0,0.8189982031130065
206,0,0.0,0.8066619849457337
207,0,0.0,0.7781413520519534
208,0,0.0,0.7818460977010625
209,0,0.0,0.7805366762833964
210,0,0.0,0.7635568495395165
211,0,0.0,0.7772778626939295
212,0,0.0,0.7818460977010625
213,0,0.0,0.7845842689923437
214,0,0.0,0.7199578096922175
215,0,0.0,0.6977228716569246
216,0,0.0,0.7647030844620123
217,0,0.0,0.8258352268519595
218,0,0.0,0.84534030515527
219,0,0.0,0.7316828266711434
220,0,0.0,0.06466132679697918
221,0,0.0,0.15623262137562274
222,0,0.0,0.23581229201591875
223,1,1.0,0.4381787778117376
224,0,0.0,0.510463256953419
225,0,0.0,0.539854508038913
226,0,0.0,0.5789355558107464
227,0,0.0,0.6051436281611564
228,0,0.0,0.5522197076047487
229,0,0.0,0.5776641978261148
230,0,0.0,0.5394442197393481
231,0,0.0,0.5925067738993918
232,0,0.0,0.5179050622223202
233,0,0.0,0.570159945446444
234,0,0.0,0.5650290190826344
235,0,0.0,0.545389601887925
236,0,0.0,0.5895577818461074
237,0,0.0,0.6198895794845504
238,0,0.0,0.602774506133877
239,0,0.0,0.6206631894487958
240,0,0.0,0.5988465893745174
241,0,0.0,0.6238255423537035
242,0,0.0,0.6651134691238713
243,0,0.0,0.6657732854360009
244,0,0.0,0.65046016503196
245,0,0.0,0.6437393128649505
246,0,0.0,0.570207278897992
247,0,0.0,0.6015712100776587
248,0,0.0,0.6013978385498049
249,0,0.0,0.628122583193975
250,0,0.0,0.6079895730245692
251,0,0.0,0.655783137513165
252,0,0.0,0.6657732854360009
253,0,0.0,0.686688348246568
254,0,0.0,0.6070820853091744
255,0,0.0,0.4299175252024791
256,0,0.0,0.1734086718189784
257,0,0.0,0.18914476580550182
258,0,1.0,0.3730359433649268
259,1,0.0,0.5702109953139085
260,0,0.0,0.5040160806370172
261,0,0.0,0.704573011632333
262,0,0.0,0.7055342526227512
263,0,0.0,0.7391685162772598
264,0,0.0,0.7595578024295571
265,0,0.0,0.7052962905638123
266,0,0.0,0.6206908755699474
267,0,0.0,0.6495818997987514
268,0,0.0,0.5771935605813808
269,0,0.0,0.5857517351671123
270,0,0.0,0.5890191642312153
271,0,0.0,0.5490476825047155
272,0,0.0,0.6101748394397749
273,0,0.0,0.5696836426257751
274,0,0.0,0.5265001472609185
275,0,0.0,0.5022138432534532
276,0,0.0,0.5389408604156547
277,0,0.0,0.5491936247924465
278,0,0.0,0.42145164100833954
279,0,0.0,0.3788369629085107
280,0,0.0,0.3979939738226873
281,1,0.0,0.4547209280230118
282,0,1.0,0.43940558793398643
283,0,0.0,0.43377814208630927
284,0,0.0,0.4456035939434105
285,0,0.0,0.3883532087564069
286,0,0.0,0.5143897375210263
287,0,0.0,0.5704682624078994
288,0,0.0,0.5897740073922594
289,0,0.0,0.6053688475761692
290,0,0.0,0.5832448490341017
291,0,0.0,0.628903961891318
292,0,0.0,0.6044673469615522
293,0,0.0,0.6462420046965256
294,0,0.0,0.6128503673061924
295,0,0.0,0.5668353671310868
296,0,0.0,0.5178471582901323
297,0,0.0,0.06689815564874538
298,0,0.0,0.20326419789478734
299,1,0.0,0.41282204784248544
300,0,0.0,0.5702546852768359
301,0,0.0,0.5551795970792077
302,0,0.0,0.623035055615488
303,0,0.0,0.5984434653088107
304,0,0.0,0.5778607360901995
305,0,0.0,0.5910560453367656
306,0,0.0,0.6352204415672771
307,0,0.0,0.5680062303766118
308,0,0.0,0.6421147193220881
309,0,0.0,0.6120362590009696
310,0,0.0,0.6543198701764383
311,0,0.0,0.6877028050790995
312,0,0.0,0.654234418501762
313,0,0.0,0.6703396982431371
314,0,0.0,0.5923350058787858
315,0,0.0,0.6275939874137069
316,0,0.0,0.646271271798534
317,0,0.0,0.6464871854866597
318,0,0.0,0.6426742359683344
319,0,0.0,0.6323925577959325
320,0,0.0,0.6259644491552079
321,0,0.0,0.6482978535664533
322,0,0.0,0.6923566637363677
323,0,0.0,0.6338835490778345
324,0,0.0,0.7107353520812247
325,0,0.0,0.6324539124312891
326,0,0.0,0.6286010521115388
327,0,0.0,0.6207049779948332
328,0,0.0,0.665993657892272
329,0,0.0,0.6153896158635356
330,0,0.0,0.7276055586344583
331,0,0.0,0.6836253758962361
332,0,0.0,0.7370880221915385
333,0,0.0,0.7761867673335251
334,0,0.0,0.7212375475715914
335,0,0.0,0.7747254694685385
336,0,0.0,0.754974851359959
337,0,0.0,0.7970099649158192
338,0,0.0,0.5246889697865065
339,0,0.0,0.1584593409625083
340,0,0.0,0.3442843626532877
341,1,0.0,0.5342011101878954
342,0,1.0,0.6262368479989663
343,0,0.0,0.6450994733467208
344,0,0.0,0.5772975103890197
345,0,0.0,0.6442716485478462
346,0,0.0,0.599642002495486
347,0,0.0,0.6350856581250347
348,0,0.0,0.6203200123476876
349,0,0.0,0.5901483931918488
350,0,0.0,0.6542281621638854
351,0,0.0,0.6226720187972101
352,0,0.0,0.6786420350743966
353,0,0.0,0.6360296745447972
354,0,0.0,0.6204838064402004
355,0,0.0,0.6490218098312462
356,0,0.0,0.6789842798756398
357,0,0.0,0.6604299271612334
358,0,0.0,0.6586625153121143
359,0,0.0,0.659368824736079
360,0,0.0,0.6792701750123884
361,0,0.0,0.6778613091691652
362,0,0.0,0.5901483931918488
363,0,0.0,0.6543198701764383
364,0,0.0,0.6564612259525866
365,0,0.0,0.41891298826557677
366,0,0.0,0.0384901674928992
367,0,0.0,0.390917542413543
368,1,1.0,0.7044972908348329
369,0,0.0,0.7304469399916905
370,0,0.0,0.7986035815453176
371,0,0.0,0.8397831793938586
372,0,0.0,0.8394049137991861
373,0,0.0,0.8189983889013768
374,0,0.0,0.8408093679823212
375,0,0.0,0.8590126028880554
376,0,0.0,0.7962062377793948
377,0,0.0,0.8357955893731666
378,0,0.0,0.8542593294809423
379,0,0.0,0.8823835499129967
380,0,0.0,0.8184046660411223
381,0,0.0,0.861137113948726
382,0,0.0,0.8616077393699006
383,0,0.0,0.8615113479220191
384,0,0.0,0.869237896232297
385,0,0.0,0.8036706520311062
386,0,0.0,0.7184869622611579
387,0,0.0,0.7424466093333042
388,0,0.0,0.6337274679586193
389,0,0.0,0.7132763364193163
390,0,0.0,0.6586185641915452
391,0,0.0,0.6622901926278927
392,0,0.0,0.6596488702687092
393,0,0.0,0.6548397933950929
394,0,0.0,0.6708383271074458
395,0,0.0,0.6711555887214772
396,0,0.0,0.6485756108232867
397,0,0.0,0.6001143905782721
398,0,0.0,0.6127408432871273
399,0,0.0,0.5975934818390876
400,0,0.0,0.6344320522447767
401,0,0.0,0.6346411576628044
402,0,0.0,0.282135846372004
403,0,0.0,0.3042928001805915
404,0,0.0,0.3286242808599922
405,1,1.0,0.5030650161823114
406,0,0.0,0.504584858834262
407,0,0.0,0.6324677895022112
408,0,0.0,0.5637023911074799
409,0,0.0,0.6379023710413242
410,0,0.0,0.6437333216283321
411,0,0.0,0.6220702440101415
412,0,0.0,0.6226128512681027
413,0,0.0,0.6078238434842944
414,0,0.0,0.6645145684324092
415,0,0.0,0.6374572657923563
416,0,0.0,0.6275369444079505
417,0,0.0,0.6129483023969822
418,0,0.0,0.6507775361371865
419,0,0.0,0.606839051916165
420,0,0.0,0.5847458634337857
421,0,0.0,0.6295048535989938
422,0,0.0,0.5632670555625828
423,0,0.0,0.5549500288445022
424,0,0.0,0.5399136942790689
425,0,0.0,0.561657212939966
426,0,0.0,0.5479568575756483
427,0,0.0,0.48886681856520503
428,0,0.0,0.5399941942428635
429,0,0.0,0.46246378562251794
430,0,0.0,0.47484564507121846
431,0,0.0,0.5417103699509753
432,0,0.0,0.6283124847805982
433,0,0.0,0.6066212758229486
434,0,0.0,0.5774948368231011
435,0,0.0,0.5775614433748354
436,0,0.0,0.6029643913981599
437,0,0.0,0.6376366488009517
438,0,0.0,0.6435801039609594
439,0,0.0,0.628325520833718
440,0,0.0,0.6222546075493423
441,0,0.0,0.5772903391015144
442,0,0.0,0.5774948368231011
443,0,0.0,0.5693379269081517
444,0,0.0,0.5962376631219782
445,0,0.0,0.5546569900719716
446,0,0.0,0.6209478982581174
447,0,0.0,0.5750940369634449
448,0,0.0,0.5841755463781176
449,0,0.0,0.576172027444181
450,0,0.0,0.5680164643952014
451,0,0.0,0.5700587185891332
452,0,0.0,0.5905593164224402
453,0,0.0,0.5633630146144566
454,0,0.0,0.5407266075177289
455,0,0.0,0.4990871397238869
456,0,0.0,0.3505937969680608
457,0,0.0,0.02140464404226246
458,0,0.0,0.1790158233764495
459,0,1.0,0.3587789703841485
460,1,0.0,0.49230830139040904
461,0,0.0,0.6041248687899078
462,0,0.0,0.49975299819712937
463,0,0.0,0.5581479446661936
464,0,0.0,0.48087140529818134
465,0,0.0,0.5469451698922224
466,0,0.0,0.5672306900039643
467,0,0.0,0.6263239047936463
468,0,0.0,0.5722802773509615
469,0,0.0,0.6033445547410655
470,0,0.0,0.5686616819557858
471,0,0.0,0.5752344126329383
472,0,0.0,0.5821189676407775
473,0,0.0,0.6267392639324625
474,0,0.0,0.6376372672273508
475,0,0.0,0.5831148366683183
476,0,0.0,0.6923374611449061
477,0,0.0,0.7566893266320854
478,0,0.0,0.6386159170985014
479,0,0.0,0.17048302978338803
480,0,0.0,0.21052177424577245
481,0,0.0,0.40549745056588754
482,1,0.0,0.482460179885354
483,0,0.0,0.6758833270775529
484,0,0.0,0.5678382760478325
485,0,0.0,0.7370354555296876
486,0,0.0,0.7201170409586605
487,0,0.0,0.7139341625470734
488,0,0.0,0.7306260410794577
489,0,0.0,0.7960614397513728
490,0,0.0,0.6853367983738909
491,0,0.0,0.6696177816778317
492,0,0.0,0.7201170409586605
493,0,0.0,0.7298002502582143
494,0,0.0,0.697637110576478
495,0,0.0,0.7335848823231064
496,0,0.0,0.7495326480410949
497,0,0.0,0.7630055655932079
498,0,0.0,0.7137682541709083
499,0,0.0,0.7801265409353805
500,0,0.0,0.7591217406576529
501,0,0.0,0.756572138544721
502,0,0.0,0.697659045568198
503,0,0.0,0.8054749961698549
504,0,0.0,0.7213608541824477
505,0,0.0,0.7585956039777635
506,0,0.0,0.7449152565731073
507,0,0.0,0.8265551224656701
508,0,0.0,0.7637079469274143
509,0,0.0,0.7776019189621581
510,0,0.0,0.7873496232195368
511,0,0.0,0.8545754074787013
512,0,0.0,0.8751859500245112
513,0,0.0,0.894618171320244
514,0,0.0,0.4642011740831375
515,0,0.0,0.23180116251662256
516,0,0.0,0.3066305859062548
517,0,0.0,0.37321061481729123
518,1,1.0,0.4819708152587981
519,0,0.0,0.6334689508996393
520,0,0.0,0.663669327569275
521,0,0.0,0.6529622770088053
522,0,0.0,0.6218571836437762
523,0,0.0,0.6160056459759088
524,0,0.0,0.6890377152417863
525,0,0.0,0.6375101717114653
526,0,0.0,0.6428574695074208
527,0,0.0,0.666686689972007
528,0,0.0,0.7052899311704752
529,0,0.0,0.6876835768087194
530,0,0.0,0.6318656478468307
531,0,0.0,0.731841981541818
532,0,0.0,0.7532918754093494
533,0,0.0,0.682210661362063
534,0,0.0,0.7110224678620384
535,0,0.0,0.6901668531872067
536,0,0.0,0.7305856027240587
537,0,0.0,0.6715975253377245
538,0,0.0,0.70938014161454
539,0,0.0,0.7344375401614898
540,0,0.0,0.7149634763039475
541,0,0.0,0.647526045611884
542,0,0.0,0.7096101458155348
543,0,0.0,0.7091696604893277
544,0,0.0,0.649165299742423
545,0,0.0,0.7300962697471679
546,0,0.0,0.7098874282706427
547,0,0.0,0.723031371039079
548,0,0.0,0.6636174907350844
549,0,0.0,0.6874105025016842
550,0,0.0,0.7249693479055656
551,0,0.0,0.7513969516603816
552,0,0.0,0.7781345327797494
553,0,0.0,0.731214138073878
554,0,0.0,0.5788785201462698
555,0,0.0,0.07082569074001911
556,0,0.0,0.20121038734477073
557,1,0.0,0.41985513232893357
558,0,1.0,0.5416967271866142
559,0,0.0,0.6435262524985851
560,0,0.0,0.568155543132474
561,0,0.0,0.6684676223080179
562,0,0.0,0.7277028607248915
563,0,0.0,0.6465980114780399
564,0,0.0,0.6955464792699992
565,0,0.0,0.6421147193220881
566,0,0.0,0.6151695883142232
567,0,0.0,0.6267392639324625
568,0,0.0,0.6556094880722714
569,0,0.0,0.6101748394397749
570,0,0.0,0.676618444448847
571,0,0.0,0.6969513763062833
572,0,0.0,0.7160288073213413
573,0,0.0,0.6780209416613112
574,0,0.0,0.6774807743526036
575,0,0.0,0.6738583683052068
576,0,0.0,0.5777748858204528
577,0,0.0,0.24426978598462737
578,0,0.0,0.21117520895832836
579,0,0.0,0.3695777671707479
580,1,0.0,0.5638395366681397
581,0,0.0,0.705266812055851
582,0,0.0,0.6662327905523123
583,0,0.0,0.7961577312029676
584,0,0.0,0.7540343826112089
585,0,0.0,0.7968539250780515
586,0,0.0,0.8426673866135266
587,0,0.0,0.8435161517715563
588,0,0.0,0.7893018801439584
589,0,0.0,0.842230267137993
590,0,0.0,0.7372171018336968
591,0,0.0,0.7988828241261601
592,0,0.0,0.8219724468136945
593,0,0.0,0.8163993171426118
594,0,0.0,0.7768514516943555
595,0,0.0,0.7801406370672005
596,0,0.0,0.7353395508764381
597,0,0.0,0.7832989035712018
598,0,0.0,0.6713065539454772
599,0,0.0,0.6979249857427856
600,0,0.0,0.7179829133802375
601,0,0.0,0.7309971652224831
602,0,0.0,0.6978204989710858
603,0,0.0,0.6745836622898812
604,0,0.0,0.6806364748150959
605,0,0.0,0.7521005671476864
606,0,0.0,0.758715943391493
607,0,0.0,0.6796430858181102
608,0,0.0,0.6815798189331679
609,0,0.0,0.691046567247594
610,0,0.0,0.6916910246134632
611,0,0.0,0.6247296220739769
612,0,0.0,0.7069334997760582
613,0,0.0,0.6763055411399751
614,0,0.0,0.6532125806549909
615,0,0.0,0.6699368726418128
616,0,0.0,0.6784624703657334
617,0,0.0,0.6338870375589198
618,0,0.0,0.636106302199155
619,0,0.0,0.6806051648175115
620,0,0.0,0.2703936786086525
621,0,0.0,0.271552332556452
622,0,0.0,0.2241422367275606
623,1,1.0,0.458699910027537
624,0,0.0,0.5271800553834919
625,0,0.0,0.5997957648004337
626,0,0.0,0.5557457033995358
627,0,0.0,0.710776276237585
628,0,0.0,0.731614538873909
629,0,0.0,0.7197805578964729
630,0,0.0,0.8309746763922372
631,0,0.0,0.8039527914857736
632,0,0.0,0.7529513859269164
633,0,0.0,0.7382596334497264
634,0,0.0,0.7325478354986483
635,0,0.0,0.7780203698957889
636,0,0.0,0.8162030305656925
637,0,0.0,0.8225133532322284
638,0,0.0,0.8377392477507402
639,0,0.0,0.8428702821158173
640,0,0.0,0.8658767710764329
641,0,0.0,0.8819512542889452
642,0,0.0,0.8898004364090462
643,0,0.0,0.8247014832619117
644,0,0.0,0.888384758599285
645,0,0.0,0.7765456544134688
646,0,0.0,0.7596118750992715
647,0,0.0,0.6361215943056304
648,0,0.0,0.16329481801285445
649,0,0.0,0.08254723336667907
650,0,0.0,0.2228952688174835
651,0,1.0,0.34772102809664907
652,1,0.0,0.44632361166388057
653,0,0.0,0.5281471369179476
654,0,0.0,0.5855376879545168
655,0,0.0,0.5927400309234976
656,0,0.0,0.6201622679850621
657,0,0.0,0.65447344070193
658,0,0.0,0.6345134024693226
659,0,0.0,0.6101748394397749
660,0,0.0,0.637668577224935
661,0,0.0,0.5895902068822761
662,0,0.0,0.5692327246068466
663,0,0.0,0.5742135710787022
664,0,0.0,0.5678382760478325
665,0,0.0,0.6372704279991985
666,0,0.0,0.6504547827922115
667,0,0.0,0.615162341327005
668,0,0.0,0.7672897704949286
669,0,0.0,0.8433297421593998
670,0,0.0,0.8629427192755255
671,0,0.0,0.8387507025419084
672,0,0.0,0.8840080440021124
673,0,0.0,0.8373761162970876
674,0,0.0,0.9091103952506323
675,0,0.0,0.848621645565611
676,0,0.0,0.8424521706768712
677,0,0.0,0.8201276147329294
678,0,0.0,0.8892145754634053
679,0,0.0,0.8899921640292131
680,0,0.0,0.9110436875372397
681,0,0.0,0.6094437749860461
682,0,0.0,0.24690667966632387
683,0,0.0,0.271878265746446
684,0,0.0,0.3877008046399092
685,0,1.0,0.407292699298129
686,1,0.0,0.45877621936661317
687,0,0.0,0.5476495943824997
688,0,0.0,0.5938832845441363
689,0,0.0,0.5998295982233051
690,0,0.0,0.6114449220598356
691,0,0.0,0.6470432044277571
692,0,0.0,0.6114449220598356
693,0,0.0,0.6329726247975753
694,0,0.0,0.6874282787888877
695,0,0.0,0.5894451341386594
696,0,0.0,0.6699350706321365
697,0,0.0,0.6709506521410312
698,0,0.0,0.6162757788884357
699,0,0.0,0.6562204419701653
700,0,0.0,0.6330035116938264
701,0,0.0,0.6123700015089679
702,0,0.0,0.5852030809256834
703,0,0.0,0.5905011311625353
704,0,0.0,0.6135791112130441
705,0,0.0,0.6495818997987514
706,0,0.0,0.5708540226280465
707,0,0.0,0.5902740939568302
708,0,0.0,0.6107111193657849
709,0,0.0,0.6274043250842919
710,0,0.0,0.6275689115590454
711,0,0.0,0.5591575206321839
712,0,0.0,0.599584699697676
713,0,0.0,0.5839703230611379
714,0,0.0,0.5556284305871972
715,0,0.0,0.622029078629838
716,0,0.0,0.5864318291263897
717,0,0.0,0.4178952770760837
718,0,0.0,0.3429958064552235
719,0,0.0,0.29318831466272677
720,0,0.0,0.38700320493333173
721,1,1.0,0.5559997658780045
722,0,0.0,0.6386451222882854
723,0,0.0,0.7135548007475955
724,0,0.0,0.7711416471102996
725,0,0.0,0.7748956203907903
726,0,0.0,0.7943342344859219
727,0,0.0,0.7308912599424298
728,0,0.0,0.7570941583628098
729,0,0.0,0.731614538873909
730,0,0.0,0.8191129842228667
731,0,0.0,0.8210721766311704
732,0,0.0,0.7538735980187241
733,0,0.0,0.7625023293972462
734,0,0.0,0.7857818442404995
735,0,0.0,0.7845944822431086
736,0,0.0,0.7595045443600893
737,0,0.0,0.7404775284832941
738,0,0.0,0.7342887111651656
739,0,0.0,0.743774049108681
740,0,0.0,0.743774049108681
741,0,0.0,0.7804386511269751
742,0,0.0,0.7995484750034755
743,0,0.0,0.8043134096378335
744,0,0.0,0.8021697474322922
745,0,0.0,0.7639805133789023
746,0,0.0,0.7784683487076602
747,0,0.0,0.8397296605427295
748,0,0.0,0.7983440196270186
749,0,0.0,0.3789860134702684
750,0,0.0,0.11097698706261758
751,0,0.0,0.24802108283835173
752,1,0.0,0.5034739382133903
753,0,1.0,0.5566331380237385
754,0,0.0,0.6339572166335762
755,0,0.0,0.6543115699227611
756,0,0.0,0.5881242184861257
757,0,0.0,0.635235556724439
758,0,0.0,0.658098000729064
759,0,0.0,0.6113750815488465
760,0,0.0,0.6106191192720494
761,0,0.0,0.6159605488280935
762,0,0.0,0.6331158367274118
763,0,0.0,0.6173488625173429
764,0,0.0,0.6238025351345547
765,0,0.0,0.6585119289275048
766,0,0.0,0.6373933471531545
767,0,0.0,0.6404412961110918
768,0,0.0,0.6112607186283223
769,0,0.0,0.6906927621455556
770,0,0.0,0.673989471621723
771,0,0.0,0.6541559247730628
772,0,0.0,0.5857402552677015
773,0,0.0,0.5906860507882717
774,0,0.0,0.6323609935663679
775,0,0.0,0.6317824327190547
776,0,0.0,0.58340000600547
777,0,0.0,0.6916327074715747
778,0,0.0,0.6534112014277017
779,0,0.0,0.6772274797561352
780,0,0.0,0.6751088382671401
781,0,0.0,0.6866679952998247
782,0,0.0,0.6945135929621261
783,0,0.0,0.6908565453247615
784,0,0.0,0.6975562670352429
785,0,0.0,0.6833468100256412
786,0,0.0,0.7408259628967078
787,0,0.0,0.735045697684344
788,0,0.0,0.7241902596677824
789,0,0.0,0.7391020127559338
790,0,0.0,0.7370816396704484
791,0,0.0,0.6917247322011622
792,0,0.0,0.7310616291598551
793,0,0.0,0.7815096539690296
794,0,0.0,0.6946175190605698
795,0,0.0,0.7187014170091165
796,0,0.0,0.7182846134413539
797,0,0.0,0.6978891326578107
798,0,0.0,0.7291652257182201
799,0,0.0,0.7180993372646738
800,0,0.0,0.7545034187717052
801,0,0.0,0.6983694239092827
802,0,0.0,0.742701402538648
803,0,0.0,0.6842580662004769
804,0,0.0,0.7353050662842718
805,0,0.0,0.6993918201596926
806,0,0.0,0.40280641350057295
807,0,0.0,0.037413993751766864
808,0,0.0,0.18873245441158365
809,1,1.0,0.44551013599733136
810,0,0.0,0.7108582566910724
811,0,0.0,0.6892146277433308
812,0,0.0,0.5737419200095113
813,0,0.0,0.6381799358276711
814,0,0.0,0.7013661988703265
815,0,0.0,0.6993918201596926
816,0,0.0,0.7584162547718503
817,0,0.0,0.7335848823231064
818,0,0.0,0.7335848823231064
819,0,0.0,0.7159627988233946
820,0,0.0,0.7811818808955296
821,0,0.0,0.8011452946890515
822,0,0.0,0.7832796335291905
823,0,0.0,0.7407604675322168
824,0,0.0,0.8000545855108592
825,0,0.0,0.7418466155428745
826,0,0.0,0.7424160443390502
827,0,0.0,0.7949822191678292
828,0,0.0,0.758715943391493
829,0,0.0,0.758715943391493
830,0,0.0,0.7458907147754228
831,0,0.0,0.780364857012879
832,0,0.0,0.7414781947359113
833,0,0.0,0.7529513859269164
834,0,0.0,0.8072082981871076
835,0,0.0,0.7750685340699396
836,0,0.0,0.776454442644766
837,0,0.0,0.5488179697261455
838,0,0.0,0.38546912292452956
839,0,0.0,0.3299828282331683
840,0,0.0,0.3959226812106172
841,1,0.0,0.5271800553834919
842,0,1.0,0.5931124049298304
843,0,0.0,0.637622434630786
844,0,0.0,0.7496147260063226
845,0,0.0,0.7988291318981706
846,0,0.0,0.9452253596019861
847,0,0.0,0.8874871321550476
848,0,0.0,0.8668721340995146
849,0,0.0,0.8374553049755399
850,0,0.0,0.8410330157385039
851,0,0.0,0.8781591824502789
852,0,0.0,0.8391316584349507
853,0,0.0,0.844407484990022
854,0,0.0,0.7731335246952094
855,0,0.0,0.8195487619885768
856,0,0.0,0.9116018075916879
857,0,0.0,0.8438830325514433
858,0,0.0,0.8671254514909549
859,0,0.0,0.8035695074005811
860,0,0.0,0.8505969269879838
861,0,0.0,0.8246996970797114
862,0,0.0,0.8036195707838961
863,0,0.0,0.8004030679843694
864,0,0.0,0.742627820631599
865,0,0.0,0.8028645103349165
866,0,0.0,0.7776990757915485
867,0,0.0,0.8043089959107098
868,0,0.0,0.8271941759179189
869,0,0.0,0.8055567676885534
870,0,0.0,0.8050018382712639
871,0,0.0,0.7670144530238922
872,0,0.0,0.8027557627570446
873,0,0.0,0.6332302532528603
874,0,0.0,0.2708856992460962
875,0,0.0,0.2829282772129057
876,1,0.0,0.4948620818484798
877,0,1.0,0.7302130949888616
878,0,0.0,0.7802795376014037
879,0,0.0,0.8445617574153486
880,0,0.0,0.9092020670528784
881,0,0.0,0.8202060399499549
882,0,0.0,0.8209022338250389
883,0,0.0,0.932228352549876
884,0,0.0,0.9512814079186155
885,0,0.0,0.9316362724100634
886,0,0.0,0.825437147886303
887,0,0.0,0.7971433819101423
888,0,0.0,0.8189802309959444
889,0,0.0,0.8628101301601526
890,0,0.0,0.8866144560590984
891,0,0.0,0.8231852982259237
892,0,0.0,0.8231852982259237
893,0,0.0,0.8883712404264665
894,0,0.0,0.8414460511336773
895,0,0.0,0.8209122434512813
896,0,0.0,0.8250473187466084
897,0,0.0,0.8462688795970921
898,0,0.0,0.8488198064188376
899,0,0.0,0.8291697223657004
900,0,0.0,0.828402248776398
901,0,0.0,0.8879450110230874
902,0,0.0,0.892015441967966
903,0,0.0,0.847167804019302
904,0,0.0,0.8905071011737241
905,0,0.0,0.9110666158280752
906,0,0.0,0.8873090866941319
907,0,0.0,0.9149225026105048
908,0,0.0,0.9533299383672657
909,0,0.0,0.9344626854768583
910,0,0.0,0.9115551053615173
911,0,0.0,1.0
912,0,0.0,0.9129179231534418
913,0,0.0,0.9131413172105562
914,0,0.0,0.8491307675886544
915,0,0.0,0.9115595193816729
916,0,0.0,0.9381016413574116
917,0,0.0,0.8732465314123118
918,0,0.0,0.9110666158280752
919,0,0.0,0.9733543857237187
920,0,0.0,0.9110666158280752
921,0,0.0,0.935765590683947
922,0,0.0,0.8708779892998844
923,0,0.0,0.8171508991696497
924,0,0.0,0.29749222277379733
925,0,0.0,0.23600949294973664
926,1,0.0,0.4277184889242848
927,0,1.0,0.6547135787502719
928,0,0.0,0.6226128512681027
929,0,0.0,0.70058934970692
930,0,0.0,0.7927083748460355
931,0,0.0,0.8234927487344172
932,0,0.0,0.82022969672516
933,0,0.0,0.885284547199332
934,0,0.0,0.8254866348464484
935,0,0.0,0.7755843926536533
936,0,0.0,0.836637371693268
937,0,0.0,0.8589034692446437
938,0,0.0,0.7749563457155734
939,0,0.0,0.8377168161067429
940,0,0.0,0.804170463551218
941,0,0.0,0.849221321584849
942,0,0.0,0.8850843785393423
943,0,0.0,0.848880423967045
944,0,0.0,0.8252548809283092
945,0,0.0,0.8842355470296513
946,0,0.0,0.7581455179070659
947,0,0.0,0.735986166433094
948,0,0.0,0.6329871018242147
949,0,0.0,0.6204902313964112
950,0,0.0,0.6180545428990953
951,0,0.0,0.6465637251064422
952,0,0.0,0.6806424718036492
953,0,0.0,0.6389246769898455
954,0,0.0,0.6600683031483786
955,0,0.0,0.732906717369538
956,0,0.0,0.7104636783702303
957,0,0.0,0.6370230202613401
958,0,0.0,0.7393595939090776
959,0,0.0,0.6657707696815627
960,0,0.0,0.6888208534192098
961,0,0.0,0.6966409844936122
962,0,0.0,0.504300245694384
963,0,0.0,0.07676926528971226
964,0,0.0,0.12163286915696837
965,0,1.0,0.34707565802363644
966,1,0.0,0.4920989778109828
967,0,0.0,0.47768139196758813
968,0,0.0,0.560332423659196
969,0,0.0,0.5319641928119775
970,0,0.0,0.570972521070403
971,0,0.0,0.627721147839464
972,0,0.0,0.6369263751868757
973,0,0.0,0.6333163881828678
974,0,0.0,0.674529783202052
975,0,0.0,0.5960757023210209
976,0,0.0,0.6555628342061985
977,0,0.0,0.6326394433933924
978,0,0.0,0.6345879671140425
979,0,0.0,0.7029144043431339
980,0,0.0,0.625373123616448
981,0,0.0,0.6187603066240456
982,0,0.0,0.6543414905969805
983,0,0.0,0.6619794769894223
984,0,0.0,0.6535956877106509
985,0,0.0,0.676288618455732
986,0,0.0,0.6652993366410094
987,0,0.0,0.7062844430898619
988,0,0.0,0.6752344189046505
989,0,0.0,0.6232980750612102
990,0,0.0,0.685395048053549
991,0,0.0,0.6825795435281455
992,0,0.0,0.7238847665960444
993,0,0.0,0.6926489663137831
994,0,0.0,0.5169469544487423
995,0,0.0,0.6058660297403743
996,0,0.0,0.163677314441807
997,0,0.0,0.18841148572194621
998,0,1.0,0.3602692520867378
999,1,0.0,0.4750851211581329
1000,0,0.0,0.5208185747867723
1001,0,0.0,0.6251880863286674
1002,0,0.0,0.5961549544637649
1003,0,0.0,0.6636803060539932
1004,0,0.0,0.7552708699317318
1005,0,0.0,0.7397028106961023
1006,0,0.0,0.7397028106961023
1007,0,0.0,0.6966409844936122
1008,0,0.0,0.7348026300370952
1009,0,0.0,0.7489161213383708
1010,0,0.0,0.7255972545127646
1011,0,0.0,0.7667213848200362
1012,0,0.0,0.7056627970042041
1013,0,0.0,0.7415520833973507
1014,0,0.0,0.7201170409586605
1015,0,0.0,0.7096528549276506
1016,0,0.0,0.7218728307246748
1017,0,0.0,0.8026333922174989
1018,0,0.0,0.7641151507474944
1019,0,0.0,0.7248509442498118
1020,0,0.0,0.7102782560057747
1021,0,0.0,0.8061013381154024
1022,0,0.0,0.7879882156774433
1023,0,0.0,0.7881667524062601
1024,0,0.0,0.7462350147885544
1025,0,0.0,0.7443729942678698
1026,0,0.0,0.7248480170744305
1027,0,0.0,0.740137730597075
1028,0,0.0,0.7353717078494584
1029,0,0.0,0.7619810187876493
1030,0,0.0,0.6283124847805982
1031,0,0.0,0.6927403137100567
1032,0,0.0,0.43279073066123164
1033,0,0.0,0.07085514689654822
1034,0,0.0,0.27206746695014034
1035,0,0.0,0.37261340831783574
1036,1,1.0,0.5339252522460867
1037,0,0.0,0.6147994281508968
1038,0,0.0,0.6225773646027866
1039,0,0.0,0.6294875300993547
1040,0,0.0,0.5953247773994225
1041,0,0.0,0.6542914719069226
1042,0,0.0,0.6587809026614087
1043,0,0.0,0.6765609681758965
1044,0,0.0,0.6332719178466271
1045,0,0.0,0.6220909179765429
1046,0,0.0,0.5713830264214813
1047,0,0.0,0.7037010524778773
1048,0,0.0,0.6002930696020514
1049,0,0.0,0.5954063600165268
1050,0,0.0,0.6155763860140825
1051,0,0.0,0.5733015276826897
1052,0,0.0,0.5981884647621862
1053,0,0.0,0.6012092074320013
1054,0,0.0,0.6376310108894742
1055,0,0.0,0.647601666220891
1056,0,0.0,0.7556298056435542
1057,0,0.0,0.7387422867728187
1058,0,0.0,0.7669082059440907
1059,0,0.0,0.7831533878191246
1060,0,0.0,0.8040632628855824
1061,0,0.0,0.7843294437472349
1062,0,0.0,0.7869160650606762
1063,0,0.0,0.7594328248911772
1064,0,0.0,0.798521491422872
1065,0,0.0,0.8010248078349107
1066,0,0.0,0.7250847666172471
1067,0,0.0,0.7674960087755305
1068,0,0.0,0.8302634914566365
1069,0,0.0,0.8276077410557822
1070,0,0.0,0.3289404840416715
1071,0,0.0,0.19145359579795482
1072,1,0.0,0.5766994237021322
1073,0,0.0,0.7135399838968581
1074,0,1.0,0.7042134851245349
1075,0,0.0,0.7403947204835887
1076,0,0.0,0.7685768102059949
1077,0,0.0,0.7017975276945908
1078,0,0.0,0.7214727647406572
1079,0,0.0,0.7241902596677824
1080,0,0.0,0.7222129537817671
1081,0,0.0,0.7238796024770373
1082,0,0.0,0.6450725007293274
1083,0,0.0,0.6013652885512166
1084,0,0.0,0.6606799550928149
1085,0,0.0,0.6615911878830265
1086,0,0.0,0.6369263751868757
1087,0,0.0,0.6376320555686282
1088,0,0.0,0.6159542832146921
1089,0,0.0,0.601873251190004
1090,0,0.0,0.6874489494100904
1091,0,0.0,0.6025143583590076
1092,0,0.0,0.6644942775265499
1093,0,0.0,0.668459709067728
1094,0,0.0,0.6567640507358814
1095,0,0.0,0.6685655045477067
1096,0,0.0,0.5999391248119407
1097,0,0.0,0.6512952922062399
1098,0,0.0,0.5045093412024421
1099,0,0.0,0.11906761591219875
1100,0,0.0,0.15837925351579155
1101,0,1.0,0.3917161526255702
1102,1,0.0,0.47575002739054617
1103,0,0.0,0.5479177243759615
1104,0,0.0,0.6216531712626291
1105,0,0.0,0.6216450733557974
1106,0,0.0,0.6332719178466271
1107,0,0.0,0.6920170347785773
1108,0,0.0,0.6709374570521354
1109,0,0.0,0.7619810187876493
1110,0,0.0,0.670294584265226
1111,0,0.0,0.7354168218273694
1112,0,0.0,0.6759054986993258
1113,0,0.0,0.6541559247730628
1114,0,0.0,0.7185930744404805
1115,0,0.0,0.760265572078368
1116,0,0.0,0.7012861362780086
1117,0,0.0,0.674600136163245
1118,0,0.0,0.7126450822174244
1119,0,0.0,0.7566893266320854
1120,0,0.0,0.7036981253024958
1121,0,0.0,0.7126462068937872
1122,0,0.0,0.7575223880643557
1123,0,0.0,0.821703499132245
1124,0,0.0,0.8706209101891644
1125,0,0.0,0.8486187036592667
1126,0,0.0,0.7433680096727089
1127,0,0.0,0.7626868656760538
1128,0,0.0,0.8004928045416917
1129,0,0.0,0.7444083164224314
1130,0,0.0,0.7016719092433078
1131,0,0.0,0.7159532407183239
1132,0,0.0,0.6648218859972123
1133,0,0.0,0.6579597157254515
1134,0,0.0,0.6812181949203133
1135,0,0.0,0.6810987628918649
1136,0,0.0,0.6347293098009718
1137,0,0.0,0.6550147508384019
1138,0,0.0,0.7173441446926038
1139,0,0.0,0.5265886150587623
1140,0,0.0,0.1263115648407684
1141,0,0.0,0.22440121278917827
1142,1,0.0,0.5190639594538199
1143,0,1.0,0.6854360004106003
1144,0,0.0,0.6923374611449061
1145,0,0.0,0.6919059604825177
1146,0,0.0,0.7452968083351007
1147,0,0.0,0.843551113575964
1148,0,0.0,0.8028689240620402
1149,0,0.0,0.7530547632584098
1150,0,0.0,0.7993911892594849
1151,0,0.0,0.7626706651717011
1152,0,0.0,0.7588363902841052
1153,0,0.0,0.780365911868621
1154,0,0.0,0.8048745297159859
1155,0,0.0,0.7823063058917231
1156,0,0.0,0.7465652140598438
1157,0,0.0,0.7931751126353725
1158,0,0.0,0.7461980491517646
1159,0,0.0,0.7450019960403499
1160,0,0.0,0.7648151064116253
1161,0,0.0,0.8097159606743936
1162,0,0.0,0.7666998974646546
1163,0,0.0,0.8306424912511059
1164,0,0.0,0.7262252768051384
1165,0,0.0,0.8049224416275874
1166,0,0.0,0.8033907232688144
1167,0,0.0,0.7911048319034087
1168,0,0.0,0.8316113119341207
1169,0,0.0,0.7710572551167151
1170,0,0.0,0.8470869853004939
1171,0,0.0,0.8090205917955937
1172,0,0.0,0.8296736364911466
1173,0,0.0,0.8485867483382654
1174,0,0.0,0.7686575902353106
1175,0,0.0,0.8296186163028817
1176,0,0.0,0.748958418493545
1177,0,0.0,0.7401460533000924
1178,0,0.0,0.7726769261482384
1179,0,0.0,0.6897230856505787
1180,0,0.0,0.6833195258597041
1181,0,0.0,0.6645934870621393
1182,0,0.0,0.7027234711868393
1183,0,0.0,0.6796305107018551
1184,0,0.0,0.7099902085002348
1185,0,0.0,0.6912791103911323
1186,0,0.0,0.6782732383853423
1187,0,0.0,0.6885837287768019
1188,0,0.0,0.6299228130008274
1189,0,0.0,0.5255257981867928
1190,0,0.0,0.5335696084453351
1191,0,0.0,0.5333251352860642
1192,0,0.0,0.5531936062015707
1193,0,0.0,0.5962368207954346
1194,0,0.0,0.5748857355270465
1195,0,0.0,0.5785079378523288
1196,0,0.0,0.5624922407853282
1197,0,0.0,0.620244134316732
1198,0,0.0,0.5399347624266144
1199,0,0.0,0.582657522234957
1200,0,0.0,0.5565225621859382
1201,0,0.0,0.4637493128543778
1202,0,0.0,0.15195815648260683
1203,0,0.0,0.16561280282377938
1204,0,1.0,0.32719219737871036
1205,1,0.0,0.48153262332152275
1206,0,0.0,0.5040206443306958
1207,0,0.0,0.5693161181298758
1208,0,0.0,0.6056393919159468
1209,0,0.0,0.5687864623529411
1210,0,0.0,0.6550332212783451
1211,0,0.0,0.7133683611489038
1212,0,0.0,0.7407604675322168
1213,0,0.0,0.6376310108894742
1214,0,0.0,0.6649150538243899
1215,0,0.0,0.6963194447710778
1216,0,0.0,0.7453414088652628
1217,0,0.0,0.7228736383637965
1218,0,0.0,0.7415469269232317
1219,0,0.0,0.7999871538748574
1220,0,0.0,0.7433680096727089
1221,0,0.0,0.8236119554921181
1222,0,0.0,0.7440286942547383
1223,0,0.0,0.7222119742636874
1224,0,0.0,0.7621751653227323
1225,0,0.0,0.6815798189331681
1226,0,0.0,0.7181426622480264
1227,0,0.0,0.7406323326738741
1228,0,0.0,0.7407113808098081
1229,0,0.0,0.7451033071566922
1230,0,0.0,0.7087289552768953
1231,0,0.0,0.7443341421052334
1232,0,0.0,0.8026333922174989
1233,0,0.0,0.7227280528118826
1234,0,0.0,0.7670144530238922
1235,0,0.0,0.7670116965153181
1236,0,0.0,0.7663510119332887
1237,0,0.0,0.8076000013209644
1238,0,0.0,0.7363121765982084
1239,0,0.0,0.1905375208887768
1240,0,0.0,0.2019994286622844
1241,1,0.0,0.4593038161049943
1242,0,1.0,0.5341436468277135
1243,0,0.0,0.6486687835755607
1244,0,0.0,0.5741811512408891
1245,0,0.0,0.641843340815306
1246,0,0.0,0.7153581189942473
1247,0,0.0,0.6580762669588102
1248,0,0.0,0.6397356157293391
1249,0,0.0,0.6828954607190743
1250,0,0.0,0.6834376927907347
1251,0,0.0,0.7241863529743212
1252,0,0.0,0.6955659833092391
1253,0,0.0,0.7182846134413539
1254,0,0.0,0.6384684030213352
1255,0,0.0,0.7070779563474995
1256,0,0.0,0.6374186121151949
1257,0,0.0,0.6776786497269848
1258,0,0.0,0.7437552892357865
1259,0,0.0,0.6842194386991266
1260,0,0.0,0.6844367097968147
1261,0,0.0,0.6018496478696623
1262,0,0.0,0.5587476853292452
1263,0,0.0,0.5182676913553448
1264,0,0.0,0.5182676913553448
1265,0,0.0,0.6160694154489126
1266,0,0.0,0.6030270888525284
1267,0,0.0,0.5595983928586112
1268,0,0.0,0.5806283591223032
1269,0,0.0,0.5326888657713825
1270,0,0.0,0.532259345023471
1271,0,0.0,0.6045506405694004
1272,0,0.0,0.6850158309159485
1273,0,0.0,0.6857037757738196
1274,0,0.0,0.6852898282790187
1275,0,0.0,0.6636081109064703
1276,0,0.0,0.7263431500289843
1277,0,0.0,0.6106324650593681
1278,0,0.0,0.16898764529616994
1279,0,0.0,0.13565016423490714
1280,0,1.0,0.24754957069244912
1281,1,0.0,0.437474968713916
1282,0,0.0,0.48141682957216697
1283,0,0.0,0.7109051842366463
1284,0,0.0,0.8618705024602175
1285,0,0.0,0.7823362142879356
1286,0,0.0,0.8865017067017951
1287,0,0.0,0.8427010547614305
1288,0,0.0,0.8859094013056658
1289,0,0.0,0.880052050823323
1290,0,0.0,0.8404757786358763
1291,0,0.0,0.8409044972172051
1292,0,0.0,0.8441783620767465
1293,0,0.0,0.8856605172211062
1294,0,0.0,0.886720951397017
1295,0,0.0,0.8718991562791771
1296,0,0.0,0.8902706662613641
1297,0,0.0,0.84650981009463
1298,0,0.0,0.8458899847882603
1299,0,0.0,0.8437726575325398
1300,0,0.0,0.910650018282815
1301,0,0.0,0.8407169579415102
1302,0,0.0,0.8473084242618425
1303,0,0.0,0.8353593139003822
1304,0,0.0,0.8189983889013768
1305,0,0.0,0.8404524474829858
1306,0,0.0,0.8192153857742273
1307,0,0.0,0.8172826193605705
1308,0,0.0,0.8855776275007748
1309,0,0.0,0.8439845141231366
1310,0,0.0,0.8173087558628555
1311,0,0.0,0.21228604098058712
1312,0,0.0,0.24686731545147997
1313,0,0.0,0.36950020511495996
1314,1,0.0,0.47484564507121846
1315,0,1.0,0.5624729762197763
1316,0,0.0,0.5530688258044155
1317,0,0.0,0.6043272320895247
1318,0,0.0,0.6124232943399991
1319,0,0.0,0.6323804227037672
1320,0,0.0,0.6772392787708765
1321,0,0.0,0.6384175995639905
1322,0,0.0,0.6792478925009987
1323,0,0.0,0.6620905487103967
1324,0,0.0,0.6802435408046569
1325,0,0.0,0.7045336789268797
1326,0,0.0,0.7383576146864569
1327,0,0.0,0.7268859613871678
1328,0,0.0,0.6620132392351373
1329,0,0.0,0.7092964546651819
1330,0,0.0,0.703832364964304
1331,0,0.0,0.7460980087216396
1332,0,0.0,0.5555489319460868
1333,0,0.0,0.06692882288994445
1334,0,0.0,0.11801856118381353
1335,1,0.0,0.5327808668770885
1336,0,0.0,0.8208032570554852
1337,0,0.0,0.7845220123357456
1338,0,0.0,0.8011452946890515
1339,0,0.0,0.8239490503578556
1340,0,0.0,0.8208988213337292
1341,0,0.0,0.8480443548169995
1342,0,0.0,0.8853481759375328
1343,0,0.0,0.8322766378467973
1344,0,0.0,0.786718428204315
1345,0,0.0,0.7269881848451393
1346,0,0.0,0.7479132319807497
1347,0,0.0,0.7057953799505673
1348,0,0.0,0.7250178824258244
1349,0,0.0,0.7269881848451393
1350,0,0.0,0.7708740364894289
1351,0,0.0,0.7459214488199831
1352,0,0.0,0.7895674653017687
1353,0,0.0,0.7897638359818113
1354,0,0.0,0.7696982109214096
1355,0,0.0,0.8277188224622587
1356,0,0.0,0.8119329340402945
1357,0,0.0,0.8033420637328743
1358,0,0.0,0.793304500351607
1359,0,0.0,0.873431090758082
1360,0,0.0,0.8524415426156758
1361,0,0.0,0.8309120849085482
1362,0,0.0,0.8067299551019447
1363,0,0.0,0.8945625398926137
1364,0,0.0,0.8126559111448622
1365,0,0.0,0.810444644500014
1366,0,0.0,0.8260025679234025
1367,0,0.0,0.8500361188792306
1368,0,0.0,0.8468800293284254
1369,0,0.0,0.7429001567131711
1370,0,0.0,0.21327531086727786
1371,0,0.0,0.22229403600416564
1372,0,0.0,0.28141944050293405
1373,0,1.0,0.4020940770839007
1374,1,0.0,0.5707323787476225
1375,0,0.0,0.6359193454695281
1376,0,0.0,0.6285099665837415
1377,0,0.0,0.7043632298643691
1378,0,0.0,0.6693904145778599
1379,0,0.0,0.7145364380144362
1380,0,0.0,0.7143256255159097
1381,0,0.0,0.7420839251065914
1382,0,0.0,0.7136023465844304
1383,0,0.0,0.7099928448793653
1384,0,0.0,0.7170780964179347
1385,0,0.0,0.7156815133159083
1386,0,0.0,0.7143466031532216
1387,0,0.0,0.7380524543258938
1388,0,0.0,0.7316753301760515
1389,0,0.0,0.7136943713140179
1390,0,0.0,0.7158546597214186
1391,0,0.0,0.7745013959693609
1392,0,0.0,0.7336567147150317
1393,0,0.0,0.6699368726418128
1394,0,0.0,0.7844856304834337
1395,0,0.0,0.6874105025016842
1396,0,0.0,0.6933722452452625
1397,0,0.0,0.6587495926638244
1398,0,0.0,0.5987345215464295
1399,0,0.0,0.7167155189094482
1400,0,0.0,0.6757888434113641
1401,0,0.0,0.639123279945743
1402,0,0.0,0.6996946033572925
1403,0,0.0,0.6066062537630568
1404,0,0.0,0.6540017949382988
1405,0,0.0,0.6569443982349582
1406,0,0.0,0.6548397933950929
1407,0,0.0,0.6504789435633742
1408,0,0.0,0.6344971626357978
1409,0,0.0,0.6535230906427916
1410,0,0.0,0.7426490184488013
1411,0,0.0,0.7391966996900851
1412,0,0.0,0.7830903372554027
1413,0,0.0,0.8036195707838961
1414,0,0.0,0.7818413386449041
1415,0,0.0,0.7856498288061293
1416,0,0.0,0.8054749961698549
1417,0,0.0,0.8246496336963964
1418,0,0.0,0.7656852528134295
1419,0,0.0,0.7068236853394927
1420,0,0.0,0.2606740773069542
1421,0,0.0,0.23396883827298406
1422,1,0.0,0.4094489497136991
1423,0,1.0,0.48786370999330114
1424,0,0.0,0.6037013750926045
1425,0,0.0,0.7119075457876658
1426,0,0.0,0.7348552216266849
1427,0,0.0,0.7838095512051518
1428,0,0.0,0.7453767310198244
1429,0,0.0,0.7391358897113726
1430,0,0.0,0.7322926324172956
1431,0,0.0,0.7211034478141256
1432,0,0.0,0.7228968006376422
1433,0,0.0,0.6978723710803876
1434,0,0.0,0.7370833727180383
1435,0,0.0,0.6456148109097837
1436,0,0.0,0.7499840783462711
1437,0,0.0,0.7899878848896495
1438,0,0.0,0.7897638359818113
1439,0,0.0,0.8047729666947895
1440,0,0.0,0.7518433423583819
1441,0,0.0,0.7200766431506891
1442,0,0.0,0.785274406750414
1443,0,0.0,0.8019293260527309
1444,0,0.0,0.8008096459598385
1445,0,0.0,0.7153918265819462
1446,0,0.0,0.7093860108215738
1447,0,0.0,0.780364857012879
1448,0,0.0,0.7954803369495088
1449,0,0.0,0.7591207751222175
1450,0,0.0,0.7209970075024281
1451,0,0.0,0.7360239396886619
1452,0,0.0,0.7638346928327566
1453,0,0.0,0.757772323316378
1454,0,0.0,0.7360949867809377
1455,0,0.0,0.6927403137100567
1456,0,0.0,0.7007490924762054
1457,0,0.0,0.735986166433094
1458,0,0.0,0.7370723144437519
1459,0,0.0,0.7365244619565342
1460,0,0.0,0.7803954215045148
1461,0,0.0,0.6982672305440288
1462,0,0.0,0.701093392489337
1463,0,0.0,0.5772322375388762
1464,0,0.0,0.1767698947697229
1465,0,0.0,0.2601570548128856
1466,0,0.0,0.3840404816051232
1467,1,1.0,0.5041715102006317
1468,0,0.0,0.5423470414238524
1469,0,0.0,0.5632815687355699
1470,0,0.0,0.646271271798534
1471,0,0.0,0.6853661005486102
1472,0,0.0,0.6470432044277571
1473,0,0.0,0.6259636267013151
1474,0,0.0,0.6556233503271945
1475,0,0.0,0.6384987542892776
1476,0,0.0,0.7418466155428745
1477,0,0.0,0.7215528401638751
1478,0,0.0,0.7335848823231064
1479,0,0.0,0.7176184203248239
1480,0,0.0,0.6383742576066876
1481,0,0.0,0.6515959449252804
1482,0,0.0,0.6412310050317097
1483,0,0.0,0.6593671510147128
1484,0,0.0,0.6418009082743807
1485,0,0.0,0.6037819863378799
1486,0,0.0,0.64245324880225
1487,0,0.0,0.6193289706746182
1488,0,0.0,0.6608855075012738
1489,0,0.0,0.6588249189430522
1490,0,0.0,0.6363173398795875
1491,0,0.0,0.6579597157254515
1492,0,0.0,0.6593626227666264
1493,0,0.0,0.6239433104358862
1494,0,0.0,0.6457771364319259
1495,0,0.0,0.686604409389304
1496,0,0.0,0.7003977842729333
1497,0,0.0,0.7063221175405152
1498,0,0.0,0.7173441446926038
1499,0,0.0,0.765563372313373
1500,0,0.0,0.7452190950440706
1501,0,0.0,0.7439364589508046
1502,0,0.0,0.7832078587863176
1503,0,0.0,0.789537842422666
1504,0,0.0,0.5862561679231593
1505,0,0.0,0.23330830947416265
1506,0,0.0,0.2598904947972579
1507,1,0.0,0.4094415012927779
1508,0,1.0,0.5479981683851565
1509,0,0.0,0.6143744814272335
1510,0,0.0,0.6492078590755267
1511,0,0.0,0.701849639327885
1512,0,0.0,0.7139266239589162
1513,0,0.0,0.7043453925782633
1514,0,0.0,0.6989729109257816
1515,0,0.0,0.6394738540201902
1516,0,0.0,0.5953258965151758
1517,0,0.0,0.657467231651522
1518,0,0.0,0.674331162429341
1519,0,0.0,0.7003977842729333
1520,0,0.0,0.759891823894389
1521,0,0.0,0.719806116045387
1522,0,0.0,0.8028499621948504
1523,0,0.0,0.8012600490556897
1524,0,0.0,0.8211941508590324
1525,0,0.0,0.7689596491131826
1526,0,0.0,0.7819740502297059
1527,0,0.0,0.8142437664859256
1528,0,0.0,0.8309120849085482
1529,0,0.0,0.7142316841670558
1530,0,0.0,0.7280184134717222
1531,0,0.0,0.7685366080791461
1532,0,0.0,0.8047092262069607
1533,0,0.0,0.822532768888534
1534,0,0.0,0.7805224854675618
1535,0,0.0,0.7976881085682564
1536,0,0.0,0.7329305005325567
1537,0,0.0,0.735198109609189
1538,0,0.0,0.8384321612310581
1539,0,0.0,0.7846140175224684
1540,0,0.0,0.809463205827852
1541,0,0.0,0.8241444637474427
1542,0,0.0,0.7815324623488327
1543,0,0.0,0.5284005655313104
1544,0,0.0,0.11107486042942055
1545,0,0.0,0.2246301962964144
1546,1,0.0,0.44974365683337225
1547,0,1.0,0.5565993435612093
1548,0,0.0,0.6065989474739153
1549,0,0.0,0.6251880863286674
1550,0,0.0,0.5623728414770647
1551,0,0.0,0.6251880863286674
1552,0,0.0,0.6860030126658868
1553,0,0.0,0.7239944090335227
1554,0,0.0,0.6949886432035952
1555,0,0.0,0.7119075457876658
1556,0,0.0,0.7119075457876658
1557,0,0.0,0.7984661877822841
1558,0,0.0,0.7186576000746862
1559,0,0.0,0.7795655640691768
1560,0,0.0,0.7638411365863003
1561,0,0.0,0.7270885630410783
1562,0,0.0,0.7856498288061293
1563,0,0.0,0.7637079469274143
1564,0,0.0,0.7674253928340576
1565,0,0.0,0.7857659103437655
1566,0,0.0,0.7415905388758857
1567,0,0.0,0.7856536674322813
1568,0,0.0,0.7398716877398149
1569,0,0.0,0.7253317254981004
1570,0,0.0,0.7453767310198244
1571,0,0.0,0.650336804733444
1572,0,0.0,0.19014307742004874
1573,0,0.0,0.1114921901951455
1574,0,0.0,0.3482048171619287
1575,1,1.0,0.5274519063806267
1576,0,0.0,0.6196663101072739
1577,0,0.0,0.6483764809981455
1578,0,0.0,0.6534502443913105
1579,0,0.0,0.6383366912712265
1580,0,0.0,0.654465825900205
1581,0,0.0,0.6997361201728242
1582,0,0.0,0.6337630677675653
1583,0,0.0,0.676238660187481
1584,0,0.0,0.6766086596541435
1585,0,0.0,0.6973572419618311
1586,0,0.0,0.647601666220891
1587,0,0.0,0.7166583054958104
1588,0,0.0,0.6716746084058238
1589,0,0.0,0.7010180662101092
1590,0,0.0,0.6920170347785773
1591,0,0.0,0.7532115473610989
1592,0,0.0,0.7033396721092563
1593,0,0.0,0.7414316932673877
1594,0,0.0,0.7211259322472825
1595,0,0.0,0.6566261143076058
1596,0,0.0,0.6916910246134632
1597,0,0.0,0.7006952158931342
1598,0,0.0,0.7783382402534714
1599,0,0.0,0.7363614964280075
1600,0,0.0,0.7792787090022213
1601,0,0.0,0.6974022857889025
1602,0,0.0,0.7491293229776099
1603,0,0.0,0.7498797224509349
1604,0,0.0,0.6906529498653063
1605,0,0.0,0.6771851245516546
1606,0,0.0,0.6932703217386709
1607,0,0.0,0.7646494987716798
1608,0,0.0,0.6986501837655168
1609,0,0.0,0.7376305772537642
1610,0,0.0,0.8070384350703232
1611,0,0.0,0.7176516359614453
1612,0,0.0,0.715495327921872
1613,0,0.0,0.7271388132618825
1614,0,0.0,0.7631976865195027
1615,0,0.0,0.8425058522882746
1616,0,0.0,0.7814958138605513
1617,0,0.0,0.3767620572479923
1618,0,0.0,0.17839682410965477
1619,1,0.0,0.4130958643971331
1620,0,0.0,0.6042947393006404
1621,0,1.0,0.6245115871139536
1622,0,0.0,0.6104630381528339
1623,0,0.0,0.6520214484714429
1624,0,0.0,0.6733456726083437
1625,0,0.0,0.6892146277433308
1626,0,0.0,0.7005420414306748
1627,0,0.0,0.7032928999830149
1628,0,0.0,0.7435608412952005
1629,0,0.0,0.7421163557194073
1630,0,0.0,0.7416771894067361
1631,0,0.0,0.7293298550494177
1632,0,0.0,0.7683597332804044
1633,0,0.0,0.7805295646539125
1634,0,0.0,0.780365911868621
1635,0,0.0,0.7461167930636725
1636,0,0.0,0.788957417020185
1637,0,0.0,0.7864374684260452
1638,0,0.0,0.5860861202589963
1639,0,0.0,0.1906430044120955
1640,0,0.0,0.20196382181204983
1641,0,0.0,0.30551071652410894
1642,1,0.0,0.49658843813672254
1643,0,0.0,0.5639692066199983
1644,0,0.0,0.6710693990424805
1645,0,0.0,0.676879675035775
1646,0,0.0,0.6970608905248582
1647,0,0.0,0.7133683611489038
1648,0,0.0,0.6373996034910312
1649,0,0.0,0.6771835286355663
1650,0,0.0,0.7764966428914643
1651,0,0.0,0.7170933731514327
1652,0,0.0,0.6937144900465058
1653,0,0.0,0.690917024440415
1654,0,0.0,0.6845138347871619
1655,0,0.0,0.6912095562003072
1656,0,0.0,0.7108582566910724
1657,0,0.0,0.7176184203248239
1658,0,0.0,0.6765171440887259
1659,0,0.0,0.6484101786000387
1660,0,0.0,0.7515925595991539
1661,0,0.0,0.7374659852308071
1662,0,0.0,0.6952701556744844
1663,0,0.0,0.7407604675322168
1664,0,0.0,0.7884207036027143
1665,0,0.0,0.7335848823231064
1666,0,0.0,0.7629703537913439
1667,0,0.0,0.7584162547718503
1668,0,0.0,0.765928104601016
1669,0,0.0,0.7665004692682938
1670,0,0.0,0.7820886338262788
1671,0,0.0,0.8208158655464651
1672,0,0.0,0.7604461287451939
1673,0,0.0,0.7374033468665685
1674,0,0.0,0.7645748483384053
1675,0,0.0,0.7826066628786144
1676,0,0.0,0.8028709188752176
1677,0,0.0,0.8065868064507982
1678,0,0.0,0.7837944034201706
1679,0,0.0,0.7972708672293444
1680,0,0.0,0.6989634593694626
1681,0,0.0,0.7326610474525695
1682,0,0.0,0.6955387493349968
1683,0,0.0,0.6888812709326806
1684,0,0.0,0.6797898093036583
1685,0,0.0,0.7857259576076243
1686,0,0.0,0.7581389605058058
1687,0,0.0,0.7883886444453033
1688,0,0.0,0.7554166872577553
1689,0,0.0,0.5905797425160968
1690,0,0.0,0.1317328416804082
1691,0,0.0,0.21288639808071963
1692,1,0.0,0.45888195361460954
1693,0,1.0,0.6212511122206505
1694,0,0.0,0.6986853067759184
1695,0,0.0,0.7158691592979519
1696,0,0.0,0.7777633957047697
1697,0,0.0,0.799592176241408
1698,0,0.0,0.7901656102280608
1699,0,0.0,0.8052418575734973
1700,0,0.0,0.7473601772212242
1701,0,0.0,0.7915754864656839
1702,0,0.0,0.784161731277682
1703,0,0.0,0.7711625017574055
1704,0,0.0,0.7505220840754872
1705,0,0.0,0.7484206394458025
1706,0,0.0,0.784277812815318
1707,0,0.0,0.8562020439514554
1708,0,0.0,0.8490615815819644
1709,0,0.0,0.8338076088981168
1710,0,0.0,0.7440809212787358
1711,0,0.0,0.7695007657416181
1712,0,0.0,0.8052418575734973
1713,0,0.0,0.8911424117372562
1714,0,0.0,0.8052418575734973
1715,0,0.0,0.8274588262856373
1716,0,0.0,0.8481034154718908
1717,0,0.0,0.8177033742705552
1718,0,0.0,0.8428058545207586
1719,0,0.0,0.8228638225511853
1720,0,0.0,0.8624060693844883
1721,0,0.0,0.8643074266880416
1722,0,0.0,0.8458899847882603
1723,0,0.0,0.8261849701652028
1724,0,0.0,0.8859094013056658
1725,0,0.0,0.8280837233519861
1726,0,0.0,0.883012920089302
1727,0,0.0,0.8622634137622208
1728,0,0.0,0.9106669039136263
1729,0,0.0,0.8836678501629619
1730,0,0.0,0.8615113479220191
1731,0,0.0,0.8193200837224351
1732,0,0.0,0.8287961047447514
1733,0,0.0,0.7385692167304624
1734,0,0.0,0.6969701459850915
1735,0,0.0,0.7234430671599721
1736,0,0.0,0.7234500706266725
1737,0,0.0,0.7823960746537537
1738,0,0.0,0.7425580551554796
1739,0,0.0,0.7645299291838118
1740,0,0.0,0.7583529974408316
1741,0,0.0,0.7650519074011811
1742,0,0.0,0.8129211250082973
1743,0,0.0,0.8089696083942094
1744,0,0.0,0.8508579463130317
1745,0,0.0,0.8543903934675829
1746,0,0.0,0.8154730682747439
1747,0,0.0,0.8693344488677043
1748,0,0.0,0.8226310244187762
1749,0,0.0,0.33783469312621156
1750,0,0.0,0.20147671234147
1751,0,0.0,0.35995996053037216
1752,1,0.0,0.54548789693846
1753,0,1.0,0.668633507850058
1754,0,0.0,0.7197301179865843
1755,0,0.0,0.7051565073071515
1756,0,0.0,0.7074264717986855
1757,0,0.0,0.7409298542938563
1758,0,0.0,0.7659744147596051
1759,0,0.0,0.7646450438823351
1760,0,0.0,0.8001325355317931
1761,0,0.0,0.7581411306452738
1762,0,0.0,0.6802476170959763
1763,0,0.0,0.7224422595208504
1764,0,0.0,0.6965878214798846
1765,0,0.0,0.7387370020991744
1766,0,0.0,0.7764587618743317
1767,0,0.0,0.7845097469073956
1768,0,0.0,0.785274406750414
1769,0,0.0,0.7875129314443917
1770,0,0.0,0.7802778997444356
1771,0,0.0,0.8036195707838961
1772,0,0.0,0.7861320336969967
1773,0,0.0,0.6999612489558681
1774,0,0.0,0.23579052462668146
1775,0,0.0,0.18892746795538082
1776,1,0.0,0.6505704670074395
1777,0,1.0,0.7760994492708032
1778,0,0.0,0.8169362885693511
1779,0,0.0,0.8199641121940564
1780,0,0.0,0.8622767138416616
1781,0,0.0,0.9088345521207272
1782,0,0.0,0.8235726949001367
1783,0,0.0,0.8690311434380559
1784,0,0.0,0.6116423659561337
1785,0,0.0,0.4828260356096526
1786,0,0.0,0.467081909760397
1787,0,0.0,0.5325104617137298
1788,0,0.0,0.5559797090422002
1789,0,0.0,0.5550095538956399
1790,0,0.0,0.5687181702839824
1791,0,0.0,0.4899159182530486
1792,0,0.0,0.5188014313373404
1793,0,0.0,0.6804084766525567
1794,0,0.0,0.7726164359649716
1795,0,0.0,0.9079447940572406
1796,0,0.0,0.8615340318814813
1797,0,0.0,0.8211119626266632
1798,0,0.0,0.8617304270619325
1799,0,0.0,0.8589824882236986
1800,0,0.0,0.8196574378941228
1801,0,0.0,0.8428058545207586
1802,0,0.0,0.8802057734655797
1803,0,0.0,0.883142890279698
1804,0,0.0,0.8629427192755255
1805,0,0.0,0.8374213426726155
1806,0,0.0,0.883776084622301
1807,0,0.0,0.6212792195611692
1808,0,0.0,0.619094949122296
1809,0,0.0,0.6581656152213063
1810,0,0.0,0.577403075441827
1811,0,0.0,0.5913320353688488
1812,0,0.0,0.5693539290544102
1813,0,0.0,0.6259478958609803
1814,0,0.0,0.5917142924897618
1815,0,0.0,0.582829688949802
1816,0,0.0,0.6323609935663679
1817,0,0.0,0.7207280337685241
1818,0,0.0,0.65806467051498
